Číslo vstupenky;Jméno;Příjmení;Firma;email
random0001;Jméno1;Příjmení1;Firma1;jmeno1@email.xx
random0002;Jméno2;Příjmení2;Firma2;jmeno2@email.xx
random0003;Jméno3;Příjmení3;Firma3;jmeno3@email.xx
random0004;Jméno4;Příjmení4;Firma4;jmeno4@email.xx
random0005;Jméno5;Příjmení5;Firma5;jmeno5@email.xx
random0006;Jméno6;Příjmení6;Firma6;jmeno6@email.xx
random0007;Jméno7;Příjmení7;Firma7;jmeno7@email.xx
random0008;Jméno8;Příjmení8;Firma8;jmeno8@email.xx
random0009;Jméno9;Příjmení9;Firma9;jmeno9@email.xx
random0010;Jméno10;Příjmení10;Firma10;jmeno10@email.xx
random0011;Jméno11;Příjmení11;Firma11;jmeno11@email.xx
random0012;Jméno12;Příjmení12;Firma12;jmeno12@email.xx
random0013;Jméno13;Příjmení13;Firma13;jmeno13@email.xx
random0014;Jméno14;Příjmení14;Firma14;jmeno14@email.xx
random0015;Jméno15;Příjmení15;Firma15;jmeno15@email.xx